Signup_Date,CustomerID,Subscription_Tier,Monthly_Fee,Status
2025-09-01,1000,Basic,29,Active
2025-09-01,1001,Basic,29,Active
2025-09-01,1002,Pro,99,Active
2025-09-01,1003,Pro,99,Active
2025-09-01,1004,Enterprise,499,Active
2025-09-01,1005,Basic,29,Active
2025-09-01,1006,Basic,29,Active
2025-09-01,1007,Basic,29,Active
2025-09-01,1008,Basic,29,Active
2025-09-01,1009,Basic,29,Active
2025-09-01,1010,Basic,29,Active
2025-09-01,1011,Pro,99,Active
2025-09-01,1012,Basic,29,Active
2025-09-01,1013,Basic,29,Active
2025-09-01,1014,Basic,29,Active
2025-09-01,1015,Enterprise,499,Churned
2025-09-01,1016,Pro,99,Active
2025-09-01,1017,Basic,29,Active
2025-09-01,1018,Basic,29,Active
2025-09-01,1019,Basic,29,Active
2025-09-01,1020,Enterprise,499,Active
2025-09-01,1021,Pro,99,Active
2025-09-01,1022,Basic,29,Active
2025-09-01,1023,Basic,29,Churned
2025-09-01,1024,Pro,99,Churned
2025-09-01,1025,Pro,99,Active
2025-09-01,1026,Enterprise,499,Active
2025-09-01,1027,Basic,29,Active
2025-09-01,1028,Basic,29,Active
2025-09-01,1029,Basic,29,Active
2025-09-01,1030,Basic,29,Active
2025-09-01,1031,Basic,29,Active
2025-09-01,1032,Pro,99,Active
2025-09-01,1033,Enterprise,499,Active
2025-09-01,1034,Basic,29,Active
2025-09-01,1035,Pro,99,Active
2025-09-01,1036,Pro,99,Active
2025-09-01,1037,Basic,29,Active
2025-09-01,1038,Basic,29,Active
2025-09-01,1039,Pro,99,Active
2025-09-01,1040,Basic,29,Active
2025-09-01,1041,Basic,29,Active
2025-09-01,1042,Pro,99,Active
2025-09-01,1043,Basic,29,Active
2025-09-01,1044,Pro,99,Active
2025-09-01,1045,Basic,29,Active
2025-09-01,1046,Basic,29,Active
2025-09-01,1047,Basic,29,Active
2025-09-01,1048,Basic,29,Active
2025-09-01,1049,Pro,99,Active
2025-09-01,1050,Basic,29,Active
2025-09-01,1051,Basic,29,Active
2025-09-01,1052,Pro,99,Active
2025-09-01,1053,Basic,29,Active
2025-09-01,1054,Basic,29,Active
2025-09-01,1055,Pro,99,Active
2025-09-01,1056,Pro,99,Active
2025-09-01,1057,Basic,29,Active
2025-09-01,1058,Basic,29,Active
2025-09-01,1059,Pro,99,Active
2025-09-01,1060,Basic,29,Active
2025-09-01,1061,Basic,29,Active
2025-09-01,1062,Pro,99,Active
2025-09-01,1063,Basic,29,Active
2025-09-01,1064,Basic,29,Active
2025-09-01,1065,Basic,29,Churned
2025-09-01,1066,Basic,29,Active
2025-09-01,1067,Pro,99,Active
2025-09-01,1068,Enterprise,499,Churned
2025-09-01,1069,Basic,29,Active
2025-09-01,1070,Basic,29,Active
2025-09-01,1071,Basic,29,Active
2025-09-01,1072,Basic,29,Active
2025-09-01,1073,Basic,29,Active
2025-09-01,1074,Basic,29,Active
2025-09-01,1075,Basic,29,Churned
2025-09-01,1076,Basic,29,Active
2025-09-01,1077,Pro,99,Active
2025-09-01,1078,Pro,99,Active
2025-09-01,1079,Pro,99,Active
2025-09-01,1080,Basic,29,Active
2025-09-01,1081,Pro,99,Active
2025-09-01,1082,Basic,29,Active
2025-09-01,1083,Basic,29,Active
2025-09-01,1084,Basic,29,Active
2025-09-01,1085,Basic,29,Active
2025-09-01,1086,Basic,29,Active
2025-09-01,1087,Basic,29,Churned
2025-09-01,1088,Basic,29,Active
2025-09-01,1089,Basic,29,Active
2025-09-01,1090,Pro,99,Active
2025-09-01,1091,Pro,99,Active
2025-09-01,1092,Basic,29,Active
2025-09-01,1093,Basic,29,Active
2025-09-01,1094,Pro,99,Active
2025-09-01,1095,Pro,99,Active
2025-09-01,1096,Basic,29,Active
2025-09-01,1097,Pro,99,Active
2025-09-01,1098,Pro,99,Active
2025-09-01,1099,Basic,29,Active
2025-09-01,1100,Pro,99,Active
2025-09-01,1101,Basic,29,Active
2025-09-01,1102,Pro,99,Active
2025-09-01,1103,Basic,29,Active
2025-09-01,1104,Pro,99,Active
2025-09-01,1105,Basic,29,Active
2025-09-01,1106,Basic,29,Active
2025-09-01,1107,Pro,99,Active
2025-09-01,1108,Pro,99,Active
2025-09-01,1109,Basic,29,Active
2025-09-01,1110,Basic,29,Active
2025-09-01,1111,Basic,29,Churned
2025-09-01,1112,Basic,29,Active
2025-09-01,1113,Pro,99,Active
2025-09-01,1114,Basic,29,Active
2025-09-01,1115,Basic,29,Active
2025-09-01,1116,Pro,99,Active
2025-09-01,1117,Basic,29,Active
2025-09-01,1118,Basic,29,Churned
2025-09-01,1119,Enterprise,499,Active
2025-09-01,1120,Basic,29,Active
2025-09-01,1121,Enterprise,499,Active
2025-09-01,1122,Enterprise,499,Churned
2025-09-01,1123,Pro,99,Active
2025-09-01,1124,Basic,29,Active
2025-09-01,1125,Basic,29,Active
2025-09-01,1126,Basic,29,Churned
2025-09-01,1127,Pro,99,Active
2025-09-01,1128,Basic,29,Active
2025-09-01,1129,Enterprise,499,Active
2025-09-01,1130,Basic,29,Active
2025-09-01,1131,Pro,99,Active
2025-09-01,1132,Pro,99,Active
2025-09-01,1133,Basic,29,Active
2025-09-01,1134,Pro,99,Active
2025-09-01,1135,Enterprise,499,Active
2025-09-01,1136,Basic,29,Active
2025-09-01,1137,Pro,99,Active
2025-09-01,1138,Pro,99,Active
2025-09-01,1139,Basic,29,Active
2025-09-01,1140,Basic,29,Active
2025-09-01,1141,Basic,29,Active
2025-09-01,1142,Basic,29,Active
2025-09-01,1143,Basic,29,Active
2025-09-01,1144,Basic,29,Active
2025-09-01,1145,Basic,29,Active
2025-09-01,1146,Basic,29,Active
2025-09-01,1147,Basic,29,Active
2025-09-01,1148,Basic,29,Active
2025-09-01,1149,Basic,29,Active
2025-09-01,1150,Pro,99,Active
2025-09-01,1151,Enterprise,499,Active
2025-09-01,1152,Basic,29,Active
2025-09-01,1153,Basic,29,Active
2025-09-01,1154,Basic,29,Active
2025-09-01,1155,Enterprise,499,Active
2025-09-01,1156,Pro,99,Active
2025-09-01,1157,Basic,29,Active
2025-09-01,1158,Basic,29,Active
2025-10-01,1159,Pro,99,Active
2025-10-01,1160,Enterprise,499,Active
2025-10-01,1161,Basic,29,Active
2025-10-01,1162,Basic,29,Active
2025-10-01,1163,Basic,29,Active
2025-10-01,1164,Basic,29,Active
2025-10-01,1165,Basic,29,Active
2025-10-01,1166,Pro,99,Active
2025-10-01,1167,Basic,29,Active
2025-10-01,1168,Basic,29,Active
2025-10-01,1169,Basic,29,Active
2025-10-01,1170,Basic,29,Active
2025-10-01,1171,Pro,99,Active
2025-10-01,1172,Basic,29,Active
2025-10-01,1173,Basic,29,Active
2025-10-01,1174,Pro,99,Active
2025-10-01,1175,Basic,29,Active
2025-10-01,1176,Basic,29,Active
2025-10-01,1177,Enterprise,499,Active
2025-10-01,1178,Basic,29,Active
2025-10-01,1179,Basic,29,Active
2025-10-01,1180,Enterprise,499,Active
2025-10-01,1181,Enterprise,499,Active
2025-10-01,1182,Basic,29,Active
2025-10-01,1183,Basic,29,Active
2025-10-01,1184,Basic,29,Active
2025-10-01,1185,Basic,29,Active
2025-10-01,1186,Pro,99,Active
2025-10-01,1187,Pro,99,Active
2025-10-01,1188,Basic,29,Active
2025-10-01,1189,Pro,99,Active
2025-10-01,1190,Pro,99,Active
2025-10-01,1191,Basic,29,Active
2025-10-01,1192,Pro,99,Active
2025-10-01,1193,Enterprise,499,Active
2025-10-01,1194,Basic,29,Active
2025-10-01,1195,Basic,29,Churned
2025-10-01,1196,Pro,99,Active
2025-10-01,1197,Pro,99,Active
2025-10-01,1198,Basic,29,Active
2025-10-01,1199,Basic,29,Active
2025-10-01,1200,Basic,29,Active
2025-10-01,1201,Basic,29,Active
2025-10-01,1202,Enterprise,499,Active
2025-10-01,1203,Basic,29,Churned
2025-10-01,1204,Enterprise,499,Active
2025-10-01,1205,Pro,99,Active
2025-10-01,1206,Basic,29,Active
2025-10-01,1207,Pro,99,Active
2025-10-01,1208,Pro,99,Active
2025-10-01,1209,Basic,29,Active
2025-10-01,1210,Basic,29,Active
2025-10-01,1211,Basic,29,Active
2025-10-01,1212,Basic,29,Active
2025-10-01,1213,Basic,29,Active
2025-10-01,1214,Pro,99,Active
2025-10-01,1215,Basic,29,Active
2025-10-01,1216,Basic,29,Active
2025-10-01,1217,Pro,99,Active
2025-10-01,1218,Basic,29,Churned
2025-10-01,1219,Basic,29,Active
2025-10-01,1220,Pro,99,Churned
2025-10-01,1221,Enterprise,499,Active
2025-10-01,1222,Basic,29,Active
2025-10-01,1223,Pro,99,Active
2025-10-01,1224,Basic,29,Active
2025-10-01,1225,Basic,29,Active
2025-10-01,1226,Basic,29,Active
2025-10-01,1227,Basic,29,Active
2025-10-01,1228,Basic,29,Active
2025-10-01,1229,Pro,99,Active
2025-10-01,1230,Enterprise,499,Active
2025-10-01,1231,Basic,29,Active
2025-10-01,1232,Basic,29,Churned
2025-10-01,1233,Basic,29,Churned
2025-10-01,1234,Basic,29,Active
2025-10-01,1235,Basic,29,Churned
2025-10-01,1236,Basic,29,Active
2025-10-01,1237,Enterprise,499,Active
2025-10-01,1238,Pro,99,Active
2025-10-01,1239,Basic,29,Active
2025-10-01,1240,Basic,29,Active
2025-10-01,1241,Basic,29,Active
2025-10-01,1242,Enterprise,499,Active
2025-10-01,1243,Basic,29,Active
2025-10-01,1244,Basic,29,Active
2025-10-01,1245,Basic,29,Active
2025-10-01,1246,Basic,29,Active
2025-10-01,1247,Enterprise,499,Churned
2025-10-01,1248,Pro,99,Active
2025-10-01,1249,Basic,29,Active
2025-10-01,1250,Pro,99,Active
2025-10-01,1251,Enterprise,499,Active
2025-10-01,1252,Enterprise,499,Active
2025-10-01,1253,Pro,99,Active
2025-10-01,1254,Enterprise,499,Active
2025-10-01,1255,Basic,29,Active
2025-10-01,1256,Basic,29,Active
2025-10-01,1257,Enterprise,499,Active
2025-10-01,1258,Basic,29,Active
2025-10-01,1259,Enterprise,499,Active
2025-10-01,1260,Pro,99,Active
2025-10-01,1261,Basic,29,Active
2025-10-01,1262,Basic,29,Active
2025-10-01,1263,Pro,99,Churned
2025-10-01,1264,Enterprise,499,Active
2025-10-01,1265,Pro,99,Churned
2025-10-01,1266,Pro,99,Active
2025-10-01,1267,Basic,29,Active
2025-10-01,1268,Enterprise,499,Active
2025-10-01,1269,Basic,29,Active
2025-10-01,1270,Pro,99,Active
2025-10-01,1271,Basic,29,Active
2025-10-01,1272,Basic,29,Active
2025-10-01,1273,Basic,29,Active
2025-10-01,1274,Basic,29,Active
2025-10-01,1275,Pro,99,Active
2025-10-01,1276,Basic,29,Active
2025-10-01,1277,Pro,99,Active
2025-10-01,1278,Pro,99,Active
2025-10-01,1279,Basic,29,Active
2025-10-01,1280,Basic,29,Active
2025-10-01,1281,Basic,29,Active
2025-10-01,1282,Enterprise,499,Active
2025-10-01,1283,Basic,29,Active
2025-10-01,1284,Basic,29,Active
2025-10-01,1285,Pro,99,Churned
2025-10-01,1286,Basic,29,Active
2025-10-01,1287,Basic,29,Active
2025-10-01,1288,Basic,29,Churned
2025-10-01,1289,Basic,29,Active
2025-10-01,1290,Pro,99,Active
2025-10-01,1291,Basic,29,Active
2025-10-01,1292,Basic,29,Active
2025-10-01,1293,Basic,29,Active
2025-10-01,1294,Basic,29,Active
2025-10-01,1295,Pro,99,Active
2025-10-01,1296,Pro,99,Active
2025-10-01,1297,Basic,29,Active
2025-10-01,1298,Basic,29,Active
2025-10-01,1299,Basic,29,Active
2025-10-01,1300,Basic,29,Active
2025-10-01,1301,Basic,29,Active
2025-10-01,1302,Basic,29,Active
2025-10-01,1303,Basic,29,Active
2025-10-01,1304,Pro,99,Active
2025-10-01,1305,Pro,99,Active
2025-11-01,1306,Pro,99,Active
2025-11-01,1307,Basic,29,Active
2025-11-01,1308,Basic,29,Active
2025-11-01,1309,Basic,29,Active
2025-11-01,1310,Pro,99,Active
2025-11-01,1311,Basic,29,Active
2025-11-01,1312,Pro,99,Active
2025-11-01,1313,Basic,29,Active
2025-11-01,1314,Basic,29,Active
2025-11-01,1315,Basic,29,Active
2025-11-01,1316,Basic,29,Active
2025-11-01,1317,Basic,29,Active
2025-11-01,1318,Basic,29,Active
2025-11-01,1319,Pro,99,Active
2025-11-01,1320,Pro,99,Active
2025-11-01,1321,Basic,29,Active
2025-11-01,1322,Basic,29,Active
2025-11-01,1323,Pro,99,Active
2025-11-01,1324,Basic,29,Active
2025-11-01,1325,Basic,29,Active
2025-11-01,1326,Basic,29,Active
2025-11-01,1327,Enterprise,499,Active
2025-11-01,1328,Basic,29,Active
2025-11-01,1329,Basic,29,Active
2025-11-01,1330,Basic,29,Active
2025-11-01,1331,Basic,29,Active
2025-11-01,1332,Pro,99,Active
2025-11-01,1333,Basic,29,Active
2025-11-01,1334,Enterprise,499,Active
2025-11-01,1335,Basic,29,Churned
2025-11-01,1336,Pro,99,Active
2025-11-01,1337,Basic,29,Active
2025-11-01,1338,Pro,99,Active
2025-11-01,1339,Basic,29,Active
2025-11-01,1340,Basic,29,Active
2025-11-01,1341,Basic,29,Active
2025-11-01,1342,Basic,29,Active
2025-11-01,1343,Basic,29,Active
2025-11-01,1344,Pro,99,Active
2025-11-01,1345,Basic,29,Active
2025-11-01,1346,Basic,29,Active
2025-11-01,1347,Basic,29,Active
2025-11-01,1348,Basic,29,Active
2025-11-01,1349,Enterprise,499,Active
2025-11-01,1350,Pro,99,Active
2025-11-01,1351,Pro,99,Active
2025-11-01,1352,Basic,29,Active
2025-11-01,1353,Basic,29,Active
2025-11-01,1354,Enterprise,499,Active
2025-11-01,1355,Enterprise,499,Active
2025-11-01,1356,Pro,99,Churned
2025-11-01,1357,Basic,29,Active
2025-11-01,1358,Pro,99,Active
2025-11-01,1359,Pro,99,Active
2025-11-01,1360,Pro,99,Active
2025-11-01,1361,Basic,29,Active
2025-11-01,1362,Pro,99,Active
2025-11-01,1363,Basic,29,Active
2025-11-01,1364,Pro,99,Active
2025-11-01,1365,Pro,99,Active
2025-11-01,1366,Basic,29,Active
2025-11-01,1367,Basic,29,Active
2025-11-01,1368,Basic,29,Active
2025-11-01,1369,Pro,99,Active
2025-11-01,1370,Basic,29,Active
2025-11-01,1371,Pro,99,Active
2025-11-01,1372,Enterprise,499,Active
2025-11-01,1373,Basic,29,Active
2025-11-01,1374,Pro,99,Active
2025-11-01,1375,Basic,29,Active
2025-11-01,1376,Pro,99,Active
2025-11-01,1377,Basic,29,Active
2025-11-01,1378,Pro,99,Active
2025-11-01,1379,Basic,29,Active
2025-11-01,1380,Pro,99,Active
2025-11-01,1381,Pro,99,Active
2025-11-01,1382,Pro,99,Active
2025-11-01,1383,Basic,29,Active
2025-11-01,1384,Basic,29,Active
2025-11-01,1385,Pro,99,Active
2025-11-01,1386,Pro,99,Active
2025-11-01,1387,Basic,29,Active
2025-11-01,1388,Basic,29,Active
2025-11-01,1389,Enterprise,499,Active
2025-11-01,1390,Basic,29,Active
2025-11-01,1391,Enterprise,499,Active
2025-11-01,1392,Basic,29,Active
2025-11-01,1393,Pro,99,Active
2025-11-01,1394,Pro,99,Churned
2025-11-01,1395,Basic,29,Active
2025-11-01,1396,Enterprise,499,Active
2025-11-01,1397,Basic,29,Active
2025-11-01,1398,Pro,99,Active
2025-11-01,1399,Pro,99,Churned
2025-11-01,1400,Enterprise,499,Active
2025-11-01,1401,Basic,29,Churned
2025-11-01,1402,Pro,99,Active
2025-11-01,1403,Enterprise,499,Active
2025-11-01,1404,Basic,29,Active
2025-11-01,1405,Basic,29,Active
2025-11-01,1406,Basic,29,Active
2025-11-01,1407,Basic,29,Active
2025-11-01,1408,Basic,29,Active
2025-11-01,1409,Enterprise,499,Active
2025-11-01,1410,Basic,29,Active
2025-11-01,1411,Basic,29,Active
2025-11-01,1412,Basic,29,Active
2025-11-01,1413,Basic,29,Active
2025-11-01,1414,Basic,29,Active
2025-11-01,1415,Basic,29,Active
2025-11-01,1416,Pro,99,Active
2025-11-01,1417,Pro,99,Active
2025-11-01,1418,Enterprise,499,Active
2025-11-01,1419,Basic,29,Active
2025-11-01,1420,Enterprise,499,Active
2025-11-01,1421,Basic,29,Active
2025-11-01,1422,Pro,99,Active
2025-11-01,1423,Pro,99,Active
2025-11-01,1424,Basic,29,Active
2025-11-01,1425,Basic,29,Active
2025-11-01,1426,Basic,29,Active
2025-11-01,1427,Basic,29,Active
2025-11-01,1428,Basic,29,Active
2025-11-01,1429,Basic,29,Active
2025-11-01,1430,Basic,29,Active
2025-11-01,1431,Enterprise,499,Active
2025-11-01,1432,Basic,29,Active
2025-11-01,1433,Basic,29,Active
2025-11-01,1434,Basic,29,Active
2025-11-01,1435,Pro,99,Active
2025-11-01,1436,Basic,29,Active
2025-11-01,1437,Pro,99,Active
2025-11-01,1438,Basic,29,Active
2025-11-01,1439,Basic,29,Active
2025-11-01,1440,Basic,29,Active
2025-11-01,1441,Basic,29,Active
2025-11-01,1442,Pro,99,Active
2025-11-01,1443,Basic,29,Active
2025-11-01,1444,Basic,29,Active
2025-11-01,1445,Pro,99,Active
2025-11-01,1446,Basic,29,Active
2025-11-01,1447,Basic,29,Active
2025-11-01,1448,Basic,29,Active
2025-11-01,1449,Pro,99,Active
2025-11-01,1450,Basic,29,Active
2025-11-01,1451,Basic,29,Active
2025-11-01,1452,Basic,29,Active
2025-12-01,1453,Basic,29,Active
2025-12-01,1454,Basic,29,Churned
2025-12-01,1455,Pro,99,Active
2025-12-01,1456,Pro,99,Active
2025-12-01,1457,Pro,99,Active
2025-12-01,1458,Basic,29,Active
2025-12-01,1459,Basic,29,Active
2025-12-01,1460,Pro,99,Active
2025-12-01,1461,Basic,29,Active
2025-12-01,1462,Enterprise,499,Active
2025-12-01,1463,Basic,29,Active
2025-12-01,1464,Basic,29,Active
2025-12-01,1465,Basic,29,Active
2025-12-01,1466,Basic,29,Active
2025-12-01,1467,Pro,99,Active
2025-12-01,1468,Basic,29,Active
2025-12-01,1469,Basic,29,Active
2025-12-01,1470,Pro,99,Active
2025-12-01,1471,Pro,99,Active
2025-12-01,1472,Basic,29,Active
2025-12-01,1473,Basic,29,Active
2025-12-01,1474,Basic,29,Active
2025-12-01,1475,Basic,29,Active
2025-12-01,1476,Basic,29,Active
2025-12-01,1477,Basic,29,Active
2025-12-01,1478,Basic,29,Active
2025-12-01,1479,Pro,99,Active
2025-12-01,1480,Basic,29,Active
2025-12-01,1481,Pro,99,Churned
2025-12-01,1482,Pro,99,Active
2025-12-01,1483,Basic,29,Active
2025-12-01,1484,Basic,29,Active
2025-12-01,1485,Basic,29,Active
2025-12-01,1486,Basic,29,Active
2025-12-01,1487,Basic,29,Active
2025-12-01,1488,Pro,99,Active
2025-12-01,1489,Pro,99,Active
2025-12-01,1490,Basic,29,Active
2025-12-01,1491,Pro,99,Active
2025-12-01,1492,Basic,29,Active
2025-12-01,1493,Basic,29,Active
2025-12-01,1494,Enterprise,499,Active
2025-12-01,1495,Enterprise,499,Active
2025-12-01,1496,Basic,29,Active
2025-12-01,1497,Pro,99,Active
2025-12-01,1498,Pro,99,Active
2025-12-01,1499,Pro,99,Active
2025-12-01,1500,Basic,29,Active
2025-12-01,1501,Basic,29,Churned
2025-12-01,1502,Enterprise,499,Active
2025-12-01,1503,Pro,99,Active
2025-12-01,1504,Basic,29,Active
2025-12-01,1505,Enterprise,499,Active
2025-12-01,1506,Pro,99,Active
2025-12-01,1507,Enterprise,499,Churned
2025-12-01,1508,Enterprise,499,Active
2025-12-01,1509,Pro,99,Active
2025-12-01,1510,Basic,29,Active
2025-12-01,1511,Basic,29,Active
2025-12-01,1512,Basic,29,Active
2025-12-01,1513,Basic,29,Active
2025-12-01,1514,Basic,29,Active
2025-12-01,1515,Basic,29,Active
2025-12-01,1516,Basic,29,Active
2025-12-01,1517,Basic,29,Active
2025-12-01,1518,Pro,99,Active
2025-12-01,1519,Basic,29,Active
2025-12-01,1520,Pro,99,Active
2025-12-01,1521,Pro,99,Active
2025-12-01,1522,Enterprise,499,Active
2025-12-01,1523,Enterprise,499,Active
2025-12-01,1524,Pro,99,Active
2025-12-01,1525,Basic,29,Active
2025-12-01,1526,Pro,99,Churned
2025-12-01,1527,Pro,99,Active
2025-12-01,1528,Basic,29,Active
2025-12-01,1529,Basic,29,Active
2025-12-01,1530,Basic,29,Active
2025-12-01,1531,Basic,29,Active
2025-12-01,1532,Basic,29,Active
2025-12-01,1533,Enterprise,499,Active
2025-12-01,1534,Basic,29,Active
2025-12-01,1535,Basic,29,Churned
2025-12-01,1536,Pro,99,Active
2025-12-01,1537,Basic,29,Active
2025-12-01,1538,Enterprise,499,Active
2025-12-01,1539,Pro,99,Active
2025-12-01,1540,Enterprise,499,Active
2025-12-01,1541,Enterprise,499,Active
2025-12-01,1542,Pro,99,Active
2025-12-01,1543,Basic,29,Active
2025-12-01,1544,Basic,29,Active
2025-12-01,1545,Pro,99,Active
2025-12-01,1546,Basic,29,Churned
2025-12-01,1547,Pro,99,Active
2025-12-01,1548,Enterprise,499,Active
2025-12-01,1549,Basic,29,Active
2025-12-01,1550,Pro,99,Active
2025-12-01,1551,Pro,99,Active
2025-12-01,1552,Basic,29,Active
2025-12-01,1553,Basic,29,Active
2025-12-01,1554,Basic,29,Active
2025-12-01,1555,Basic,29,Active
2025-12-01,1556,Pro,99,Churned
2025-12-01,1557,Pro,99,Active
2025-12-01,1558,Pro,99,Active
2025-12-01,1559,Basic,29,Active
2025-12-01,1560,Basic,29,Active
2025-12-01,1561,Pro,99,Active
2025-12-01,1562,Basic,29,Active
2025-12-01,1563,Pro,99,Active
2025-12-01,1564,Pro,99,Active
2025-12-01,1565,Basic,29,Active
2025-12-01,1566,Pro,99,Active
2025-12-01,1567,Pro,99,Active
2025-12-01,1568,Basic,29,Active
2025-12-01,1569,Pro,99,Active
2025-12-01,1570,Pro,99,Active
2025-12-01,1571,Pro,99,Active
2025-12-01,1572,Pro,99,Active
2025-12-01,1573,Pro,99,Active
2025-12-01,1574,Basic,29,Active
2025-12-01,1575,Pro,99,Active
2025-12-01,1576,Pro,99,Active
2025-12-01,1577,Basic,29,Active
2025-12-01,1578,Basic,29,Active
2025-12-01,1579,Pro,99,Active
2025-12-01,1580,Basic,29,Active
2025-12-01,1581,Pro,99,Churned
2025-12-01,1582,Pro,99,Active
2025-12-01,1583,Pro,99,Active
2025-12-01,1584,Pro,99,Active
2025-12-01,1585,Pro,99,Active
2025-12-01,1586,Enterprise,499,Active
2025-12-01,1587,Pro,99,Churned
2025-12-01,1588,Basic,29,Churned
2025-12-01,1589,Pro,99,Active
2025-12-01,1590,Basic,29,Active
2025-12-01,1591,Basic,29,Active
2025-12-01,1592,Basic,29,Active
2025-12-01,1593,Basic,29,Active
2025-12-01,1594,Enterprise,499,Churned
2025-12-01,1595,Pro,99,Active
2025-12-01,1596,Pro,99,Active
2025-12-01,1597,Basic,29,Active
2026-01-01,1598,Basic,29,Active
2026-01-01,1599,Enterprise,499,Active
2026-01-01,1600,Basic,29,Active
2026-01-01,1601,Pro,99,Active
2026-01-01,1602,Basic,29,Active
2026-01-01,1603,Pro,99,Active
2026-01-01,1604,Basic,29,Churned
2026-01-01,1605,Basic,29,Active
2026-01-01,1606,Enterprise,499,Active
2026-01-01,1607,Pro,99,Active
2026-01-01,1608,Basic,29,Churned
2026-01-01,1609,Basic,29,Active
2026-01-01,1610,Basic,29,Active
2026-01-01,1611,Basic,29,Active
2026-01-01,1612,Basic,29,Active
2026-01-01,1613,Basic,29,Churned
2026-01-01,1614,Basic,29,Active
2026-01-01,1615,Pro,99,Active
2026-01-01,1616,Pro,99,Active
2026-01-01,1617,Pro,99,Active
2026-01-01,1618,Basic,29,Active
2026-01-01,1619,Pro,99,Active
2026-01-01,1620,Basic,29,Active
2026-01-01,1621,Basic,29,Active
2026-01-01,1622,Basic,29,Active
2026-01-01,1623,Basic,29,Active
2026-01-01,1624,Basic,29,Active
2026-01-01,1625,Pro,99,Active
2026-01-01,1626,Basic,29,Active
2026-01-01,1627,Basic,29,Active
2026-01-01,1628,Basic,29,Active
2026-01-01,1629,Basic,29,Active
2026-01-01,1630,Pro,99,Active
2026-01-01,1631,Basic,29,Active
2026-01-01,1632,Basic,29,Active
2026-01-01,1633,Enterprise,499,Active
2026-01-01,1634,Basic,29,Active
2026-01-01,1635,Pro,99,Active
2026-01-01,1636,Basic,29,Active
2026-01-01,1637,Basic,29,Active
2026-01-01,1638,Basic,29,Active
2026-01-01,1639,Basic,29,Active
2026-01-01,1640,Basic,29,Active
2026-01-01,1641,Pro,99,Active
2026-01-01,1642,Basic,29,Active
2026-01-01,1643,Basic,29,Active
2026-01-01,1644,Pro,99,Active
2026-01-01,1645,Enterprise,499,Active
2026-01-01,1646,Basic,29,Active
2026-01-01,1647,Pro,99,Active
2026-01-01,1648,Pro,99,Active
2026-01-01,1649,Pro,99,Active
2026-01-01,1650,Pro,99,Active
2026-01-01,1651,Pro,99,Active
2026-01-01,1652,Pro,99,Active
2026-01-01,1653,Pro,99,Active
2026-01-01,1654,Basic,29,Active
2026-01-01,1655,Basic,29,Active
2026-01-01,1656,Basic,29,Churned
2026-01-01,1657,Basic,29,Active
2026-01-01,1658,Pro,99,Active
2026-01-01,1659,Basic,29,Active
2026-01-01,1660,Pro,99,Active
2026-01-01,1661,Enterprise,499,Churned
2026-01-01,1662,Pro,99,Active
2026-01-01,1663,Pro,99,Active
2026-01-01,1664,Basic,29,Active
2026-01-01,1665,Basic,29,Active
2026-01-01,1666,Pro,99,Active
2026-01-01,1667,Basic,29,Active
2026-01-01,1668,Basic,29,Churned
2026-01-01,1669,Basic,29,Active
2026-01-01,1670,Basic,29,Active
2026-01-01,1671,Pro,99,Active
2026-01-01,1672,Pro,99,Active
2026-01-01,1673,Basic,29,Active
2026-01-01,1674,Basic,29,Active
2026-01-01,1675,Basic,29,Active
2026-01-01,1676,Pro,99,Active
2026-01-01,1677,Basic,29,Active
2026-01-01,1678,Enterprise,499,Active
2026-01-01,1679,Basic,29,Churned
2026-01-01,1680,Basic,29,Active
2026-01-01,1681,Basic,29,Active
2026-01-01,1682,Pro,99,Active
2026-01-01,1683,Basic,29,Active
2026-01-01,1684,Basic,29,Active
2026-01-01,1685,Basic,29,Churned
2026-01-01,1686,Basic,29,Active
2026-01-01,1687,Basic,29,Active
2026-01-01,1688,Basic,29,Churned
2026-01-01,1689,Basic,29,Active
2026-01-01,1690,Basic,29,Active
2026-01-01,1691,Basic,29,Active
2026-01-01,1692,Pro,99,Active
2026-01-01,1693,Basic,29,Active
2026-01-01,1694,Pro,99,Active
2026-01-01,1695,Basic,29,Active
2026-01-01,1696,Pro,99,Active
2026-01-01,1697,Basic,29,Active
2026-01-01,1698,Pro,99,Active
2026-01-01,1699,Pro,99,Active
2026-01-01,1700,Basic,29,Active
2026-01-01,1701,Basic,29,Active
2026-01-01,1702,Enterprise,499,Active
2026-01-01,1703,Basic,29,Active
2026-01-01,1704,Enterprise,499,Active
2026-01-01,1705,Basic,29,Active
2026-01-01,1706,Basic,29,Churned
2026-01-01,1707,Enterprise,499,Active
2026-01-01,1708,Enterprise,499,Active
2026-01-01,1709,Pro,99,Active
2026-01-01,1710,Basic,29,Active
2026-01-01,1711,Pro,99,Active
2026-01-01,1712,Basic,29,Active
2026-01-01,1713,Pro,99,Active
2026-01-01,1714,Pro,99,Churned
2026-01-01,1715,Basic,29,Active
2026-01-01,1716,Basic,29,Active
2026-01-01,1717,Basic,29,Active
2026-01-01,1718,Pro,99,Churned
2026-01-01,1719,Pro,99,Active
2026-01-01,1720,Pro,99,Active
2026-01-01,1721,Basic,29,Active
2026-01-01,1722,Enterprise,499,Active
2026-01-01,1723,Pro,99,Active
2026-01-01,1724,Pro,99,Active
2026-01-01,1725,Pro,99,Active
2026-01-01,1726,Pro,99,Churned
2026-01-01,1727,Basic,29,Churned
2026-01-01,1728,Basic,29,Active
2026-01-01,1729,Pro,99,Active
2026-01-01,1730,Pro,99,Active
2026-01-01,1731,Basic,29,Active
2026-01-01,1732,Pro,99,Active
2026-01-01,1733,Pro,99,Active
2026-01-01,1734,Basic,29,Active
2026-01-01,1735,Basic,29,Active
2026-01-01,1736,Basic,29,Active
2026-01-01,1737,Basic,29,Active
2026-01-01,1738,Pro,99,Active
2026-01-01,1739,Basic,29,Active
2026-01-01,1740,Basic,29,Active
2026-01-01,1741,Basic,29,Active
2026-01-01,1742,Pro,99,Active
2026-01-01,1743,Basic,29,Active
2026-01-01,1744,Pro,99,Active
2026-01-01,1745,Basic,29,Active
2026-01-01,1746,Basic,29,Active
2026-01-01,1747,Basic,29,Active
2026-01-01,1748,Basic,29,Active
2026-01-01,1749,Pro,99,Active
2026-01-01,1750,Pro,99,Churned
2026-01-01,1751,Basic,29,Active
2026-01-01,1752,Basic,29,Active
2026-01-01,1753,Pro,99,Active
2026-01-01,1754,Enterprise,499,Active
2026-01-01,1755,Enterprise,499,Active
2026-01-01,1756,Basic,29,Active
2026-01-01,1757,Basic,29,Active
2026-01-01,1758,Basic,29,Active
2026-01-01,1759,Basic,29,Active
2026-01-01,1760,Pro,99,Active
2026-01-01,1761,Basic,29,Active
2026-01-01,1762,Basic,29,Active
2026-01-01,1763,Pro,99,Active
2026-01-01,1764,Basic,29,Active
2026-01-01,1765,Basic,29,Active
2026-01-01,1766,Basic,29,Churned
2026-01-01,1767,Basic,29,Active
2026-01-01,1768,Basic,29,Active
2026-01-01,1769,Pro,99,Churned
2026-01-01,1770,Pro,99,Active
2026-01-01,1771,Pro,99,Active
2026-01-01,1772,Basic,29,Active
2026-01-01,1773,Basic,29,Active
2026-01-01,1774,Enterprise,499,Active
2026-01-01,1775,Basic,29,Active
2026-01-01,1776,Basic,29,Active
2026-01-01,1777,Basic,29,Active
2026-01-01,1778,Basic,29,Active
2026-02-01,1779,Basic,29,Active
2026-02-01,1780,Pro,99,Active
2026-02-01,1781,Basic,29,Active
2026-02-01,1782,Basic,29,Active
2026-02-01,1783,Pro,99,Active
2026-02-01,1784,Basic,29,Active
2026-02-01,1785,Basic,29,Active
2026-02-01,1786,Enterprise,499,Active
2026-02-01,1787,Pro,99,Active
2026-02-01,1788,Basic,29,Active
2026-02-01,1789,Pro,99,Churned
2026-02-01,1790,Basic,29,Active
2026-02-01,1791,Pro,99,Active
2026-02-01,1792,Basic,29,Active
2026-02-01,1793,Basic,29,Active
2026-02-01,1794,Basic,29,Active
2026-02-01,1795,Basic,29,Active
2026-02-01,1796,Basic,29,Active
2026-02-01,1797,Basic,29,Active
2026-02-01,1798,Basic,29,Active
2026-02-01,1799,Pro,99,Active
2026-02-01,1800,Basic,29,Active
2026-02-01,1801,Basic,29,Active
2026-02-01,1802,Enterprise,499,Active
2026-02-01,1803,Basic,29,Active
2026-02-01,1804,Basic,29,Active
2026-02-01,1805,Basic,29,Churned
2026-02-01,1806,Basic,29,Active
2026-02-01,1807,Basic,29,Active
2026-02-01,1808,Basic,29,Active
2026-02-01,1809,Pro,99,Active
2026-02-01,1810,Pro,99,Active
2026-02-01,1811,Enterprise,499,Active
2026-02-01,1812,Basic,29,Active
2026-02-01,1813,Enterprise,499,Active
2026-02-01,1814,Basic,29,Active
2026-02-01,1815,Basic,29,Active
2026-02-01,1816,Basic,29,Active
2026-02-01,1817,Basic,29,Active
2026-02-01,1818,Pro,99,Active
2026-02-01,1819,Basic,29,Active
2026-02-01,1820,Basic,29,Active
2026-02-01,1821,Basic,29,Churned
2026-02-01,1822,Basic,29,Active
2026-02-01,1823,Basic,29,Active
2026-02-01,1824,Pro,99,Active
2026-02-01,1825,Enterprise,499,Active
2026-02-01,1826,Enterprise,499,Active
2026-02-01,1827,Basic,29,Churned
2026-02-01,1828,Basic,29,Active
2026-02-01,1829,Basic,29,Active
2026-02-01,1830,Pro,99,Active
2026-02-01,1831,Pro,99,Active
2026-02-01,1832,Basic,29,Active
2026-02-01,1833,Basic,29,Active
2026-02-01,1834,Basic,29,Churned
2026-02-01,1835,Pro,99,Active
2026-02-01,1836,Basic,29,Active
2026-02-01,1837,Enterprise,499,Active
2026-02-01,1838,Pro,99,Active
2026-02-01,1839,Basic,29,Active
2026-02-01,1840,Basic,29,Active
2026-02-01,1841,Basic,29,Active
2026-02-01,1842,Basic,29,Active
2026-02-01,1843,Enterprise,499,Active
2026-02-01,1844,Enterprise,499,Active
2026-02-01,1845,Basic,29,Active
2026-02-01,1846,Basic,29,Active
2026-02-01,1847,Pro,99,Active
2026-02-01,1848,Pro,99,Active
2026-02-01,1849,Basic,29,Active
2026-02-01,1850,Pro,99,Active
2026-02-01,1851,Basic,29,Churned
2026-02-01,1852,Basic,29,Active
2026-02-01,1853,Enterprise,499,Active
2026-02-01,1854,Basic,29,Active
2026-02-01,1855,Basic,29,Active
2026-02-01,1856,Pro,99,Active
2026-02-01,1857,Basic,29,Churned
2026-02-01,1858,Pro,99,Active
2026-02-01,1859,Basic,29,Active
2026-02-01,1860,Basic,29,Active
2026-02-01,1861,Basic,29,Active
2026-02-01,1862,Basic,29,Active
2026-02-01,1863,Basic,29,Active
2026-02-01,1864,Pro,99,Active
2026-02-01,1865,Pro,99,Active
2026-02-01,1866,Basic,29,Active
2026-02-01,1867,Basic,29,Active
2026-02-01,1868,Pro,99,Active
2026-02-01,1869,Basic,29,Active
2026-02-01,1870,Basic,29,Active
2026-02-01,1871,Enterprise,499,Active
2026-02-01,1872,Enterprise,499,Active
2026-02-01,1873,Basic,29,Active
2026-02-01,1874,Basic,29,Active
2026-02-01,1875,Basic,29,Active
2026-02-01,1876,Basic,29,Active
2026-02-01,1877,Pro,99,Active
2026-02-01,1878,Basic,29,Active
2026-02-01,1879,Basic,29,Active
2026-02-01,1880,Pro,99,Churned
2026-02-01,1881,Pro,99,Active
2026-02-01,1882,Pro,99,Active
2026-02-01,1883,Basic,29,Active
2026-02-01,1884,Basic,29,Active
2026-02-01,1885,Basic,29,Active
2026-02-01,1886,Pro,99,Active
2026-02-01,1887,Pro,99,Active
2026-02-01,1888,Basic,29,Active
2026-02-01,1889,Basic,29,Active
2026-02-01,1890,Basic,29,Active
2026-02-01,1891,Basic,29,Active
2026-02-01,1892,Pro,99,Active
2026-02-01,1893,Basic,29,Active
2026-02-01,1894,Enterprise,499,Active
2026-02-01,1895,Basic,29,Active
2026-02-01,1896,Basic,29,Active
2026-02-01,1897,Pro,99,Active
2026-02-01,1898,Basic,29,Active
2026-02-01,1899,Pro,99,Active
2026-02-01,1900,Basic,29,Active
2026-02-01,1901,Basic,29,Churned
2026-02-01,1902,Basic,29,Active
2026-02-01,1903,Pro,99,Active
2026-02-01,1904,Basic,29,Active
2026-02-01,1905,Pro,99,Active
2026-02-01,1906,Pro,99,Active
2026-02-01,1907,Basic,29,Churned
2026-02-01,1908,Pro,99,Active
2026-02-01,1909,Enterprise,499,Active
2026-02-01,1910,Basic,29,Active
2026-02-01,1911,Pro,99,Active
2026-02-01,1912,Basic,29,Active
2026-02-01,1913,Enterprise,499,Active
2026-02-01,1914,Basic,29,Active
2026-02-01,1915,Basic,29,Active
2026-02-01,1916,Enterprise,499,Active
2026-02-01,1917,Basic,29,Active
2026-02-01,1918,Pro,99,Active
2026-02-01,1919,Basic,29,Active
2026-02-01,1920,Pro,99,Active
2026-02-01,1921,Enterprise,499,Active
2026-02-01,1922,Pro,99,Active
2026-02-01,1923,Pro,99,Active
2026-02-01,1924,Pro,99,Active
2026-02-01,1925,Basic,29,Active
2026-02-01,1926,Enterprise,499,Churned
2026-03-01,1927,Basic,29,Active
2026-03-01,1928,Pro,99,Active
2026-03-01,1929,Basic,29,Active
2026-03-01,1930,Basic,29,Active
2026-03-01,1931,Basic,29,Active
2026-03-01,1932,Pro,99,Active
2026-03-01,1933,Pro,99,Active
2026-03-01,1934,Basic,29,Active
2026-03-01,1935,Basic,29,Active
2026-03-01,1936,Enterprise,499,Active
2026-03-01,1937,Basic,29,Active
2026-03-01,1938,Basic,29,Active
2026-03-01,1939,Pro,99,Active
2026-03-01,1940,Basic,29,Active
2026-03-01,1941,Pro,99,Active
2026-03-01,1942,Basic,29,Active
2026-03-01,1943,Basic,29,Active
2026-03-01,1944,Basic,29,Churned
2026-03-01,1945,Basic,29,Active
2026-03-01,1946,Basic,29,Active
2026-03-01,1947,Pro,99,Churned
2026-03-01,1948,Basic,29,Active
2026-03-01,1949,Pro,99,Active
2026-03-01,1950,Basic,29,Active
2026-03-01,1951,Basic,29,Active
2026-03-01,1952,Basic,29,Active
2026-03-01,1953,Basic,29,Active
2026-03-01,1954,Basic,29,Active
2026-03-01,1955,Basic,29,Active
2026-03-01,1956,Basic,29,Active
2026-03-01,1957,Basic,29,Active
2026-03-01,1958,Pro,99,Active
2026-03-01,1959,Pro,99,Active
2026-03-01,1960,Pro,99,Active
2026-03-01,1961,Basic,29,Active
2026-03-01,1962,Basic,29,Active
2026-03-01,1963,Pro,99,Active
2026-03-01,1964,Basic,29,Active
2026-03-01,1965,Basic,29,Active
2026-03-01,1966,Basic,29,Active
2026-03-01,1967,Basic,29,Active
2026-03-01,1968,Pro,99,Churned
2026-03-01,1969,Enterprise,499,Active
2026-03-01,1970,Basic,29,Active
2026-03-01,1971,Pro,99,Active
2026-03-01,1972,Basic,29,Active
2026-03-01,1973,Basic,29,Active
2026-03-01,1974,Basic,29,Active
2026-03-01,1975,Basic,29,Active
2026-03-01,1976,Basic,29,Active
2026-03-01,1977,Pro,99,Active
2026-03-01,1978,Basic,29,Active
2026-03-01,1979,Enterprise,499,Active
2026-03-01,1980,Basic,29,Active
2026-03-01,1981,Pro,99,Active
2026-03-01,1982,Pro,99,Active
2026-03-01,1983,Basic,29,Active
2026-03-01,1984,Basic,29,Active
2026-03-01,1985,Basic,29,Active
2026-03-01,1986,Pro,99,Active
2026-03-01,1987,Basic,29,Active
2026-03-01,1988,Basic,29,Active
2026-03-01,1989,Pro,99,Churned
2026-03-01,1990,Basic,29,Active
2026-03-01,1991,Basic,29,Active
2026-03-01,1992,Basic,29,Active
2026-03-01,1993,Basic,29,Active
2026-03-01,1994,Pro,99,Active
2026-03-01,1995,Pro,99,Active
2026-03-01,1996,Basic,29,Active
2026-03-01,1997,Basic,29,Active
2026-03-01,1998,Basic,29,Active
2026-03-01,1999,Basic,29,Active
2026-03-01,2000,Pro,99,Active
2026-03-01,2001,Pro,99,Churned
2026-03-01,2002,Basic,29,Churned
2026-03-01,2003,Basic,29,Active
2026-03-01,2004,Basic,29,Active
2026-03-01,2005,Enterprise,499,Active
2026-03-01,2006,Pro,99,Active
2026-03-01,2007,Basic,29,Active
2026-03-01,2008,Enterprise,499,Active
2026-03-01,2009,Basic,29,Active
2026-03-01,2010,Basic,29,Active
2026-03-01,2011,Basic,29,Active
2026-03-01,2012,Basic,29,Active
2026-03-01,2013,Basic,29,Active
2026-03-01,2014,Pro,99,Active
2026-03-01,2015,Pro,99,Active
2026-03-01,2016,Basic,29,Active
2026-03-01,2017,Basic,29,Active
2026-03-01,2018,Enterprise,499,Active
2026-03-01,2019,Pro,99,Active
2026-03-01,2020,Basic,29,Active
2026-03-01,2021,Basic,29,Active
2026-03-01,2022,Basic,29,Active
2026-03-01,2023,Basic,29,Active
2026-03-01,2024,Pro,99,Active
2026-03-01,2025,Basic,29,Active
2026-03-01,2026,Basic,29,Active
2026-03-01,2027,Basic,29,Active
2026-03-01,2028,Pro,99,Active
2026-03-01,2029,Pro,99,Active
2026-03-01,2030,Basic,29,Churned
2026-03-01,2031,Pro,99,Active
2026-03-01,2032,Basic,29,Active
2026-03-01,2033,Enterprise,499,Active
2026-03-01,2034,Basic,29,Active
2026-03-01,2035,Pro,99,Active
2026-03-01,2036,Basic,29,Active
2026-03-01,2037,Enterprise,499,Active
2026-03-01,2038,Basic,29,Active
2026-03-01,2039,Pro,99,Active
2026-03-01,2040,Pro,99,Active
2026-03-01,2041,Basic,29,Active
2026-03-01,2042,Basic,29,Active
2026-03-01,2043,Pro,99,Active
2026-03-01,2044,Basic,29,Active
2026-03-01,2045,Enterprise,499,Active
2026-03-01,2046,Enterprise,499,Active
2026-03-01,2047,Basic,29,Active
2026-03-01,2048,Pro,99,Active
2026-03-01,2049,Basic,29,Active
2026-03-01,2050,Pro,99,Active
2026-03-01,2051,Pro,99,Active
2026-03-01,2052,Basic,29,Churned
2026-03-01,2053,Basic,29,Churned
2026-03-01,2054,Pro,99,Active
2026-03-01,2055,Basic,29,Active
2026-03-01,2056,Basic,29,Active
2026-03-01,2057,Basic,29,Active
2026-03-01,2058,Basic,29,Active
2026-03-01,2059,Pro,99,Active
2026-03-01,2060,Pro,99,Active
2026-03-01,2061,Pro,99,Active
2026-03-01,2062,Basic,29,Active
2026-03-01,2063,Basic,29,Active
2026-03-01,2064,Pro,99,Active
2026-03-01,2065,Basic,29,Active
2026-03-01,2066,Pro,99,Active
2026-03-01,2067,Basic,29,Active
2026-03-01,2068,Pro,99,Active
2026-03-01,2069,Basic,29,Active
2026-03-01,2070,Basic,29,Active
2026-03-01,2071,Pro,99,Active
2026-03-01,2072,Pro,99,Active
2026-03-01,2073,Pro,99,Active
2026-03-01,2074,Enterprise,499,Active
2026-03-01,2075,Basic,29,Active
2026-03-01,2076,Basic,29,Active
2026-03-01,2077,Basic,29,Active
2026-03-01,2078,Pro,99,Active
2026-03-01,2079,Pro,99,Active
2026-03-01,2080,Pro,99,Active
2026-03-01,2081,Basic,29,Active
2026-03-01,2082,Basic,29,Active
2026-03-01,2083,Basic,29,Active
2026-04-01,2084,Pro,99,Active
2026-04-01,2085,Pro,99,Active
2026-04-01,2086,Basic,29,Active
2026-04-01,2087,Pro,99,Active
2026-04-01,2088,Basic,29,Active
2026-04-01,2089,Basic,29,Active
2026-04-01,2090,Basic,29,Active
2026-04-01,2091,Enterprise,499,Active
2026-04-01,2092,Basic,29,Active
2026-04-01,2093,Pro,99,Active
2026-04-01,2094,Basic,29,Active
2026-04-01,2095,Basic,29,Active
2026-04-01,2096,Pro,99,Active
2026-04-01,2097,Basic,29,Churned
2026-04-01,2098,Pro,99,Active
2026-04-01,2099,Pro,99,Active
2026-04-01,2100,Pro,99,Active
2026-04-01,2101,Pro,99,Active
2026-04-01,2102,Basic,29,Active
2026-04-01,2103,Basic,29,Active
2026-04-01,2104,Basic,29,Active
2026-04-01,2105,Basic,29,Active
2026-04-01,2106,Pro,99,Active
2026-04-01,2107,Enterprise,499,Active
2026-04-01,2108,Pro,99,Active
2026-04-01,2109,Pro,99,Active
2026-04-01,2110,Basic,29,Active
2026-04-01,2111,Pro,99,Active
2026-04-01,2112,Basic,29,Churned
2026-04-01,2113,Pro,99,Active
2026-04-01,2114,Basic,29,Active
2026-04-01,2115,Basic,29,Active
2026-04-01,2116,Basic,29,Active
2026-04-01,2117,Pro,99,Active
2026-04-01,2118,Pro,99,Active
2026-04-01,2119,Basic,29,Active
2026-04-01,2120,Basic,29,Active
2026-04-01,2121,Pro,99,Active
2026-04-01,2122,Pro,99,Active
2026-04-01,2123,Pro,99,Active
2026-04-01,2124,Basic,29,Active
2026-04-01,2125,Basic,29,Active
2026-04-01,2126,Basic,29,Active
2026-04-01,2127,Basic,29,Active
2026-04-01,2128,Enterprise,499,Active
2026-04-01,2129,Pro,99,Active
2026-04-01,2130,Pro,99,Active
2026-04-01,2131,Basic,29,Active
2026-04-01,2132,Basic,29,Active
2026-04-01,2133,Basic,29,Active
2026-04-01,2134,Enterprise,499,Active
2026-04-01,2135,Basic,29,Active
2026-04-01,2136,Pro,99,Active
2026-04-01,2137,Basic,29,Active
2026-04-01,2138,Basic,29,Active
2026-04-01,2139,Basic,29,Active
2026-04-01,2140,Basic,29,Active
2026-04-01,2141,Pro,99,Active
2026-04-01,2142,Basic,29,Active
2026-04-01,2143,Enterprise,499,Active
2026-04-01,2144,Basic,29,Active
2026-04-01,2145,Basic,29,Active
2026-04-01,2146,Basic,29,Active
2026-04-01,2147,Basic,29,Active
2026-04-01,2148,Enterprise,499,Active
2026-04-01,2149,Basic,29,Active
2026-04-01,2150,Basic,29,Active
2026-04-01,2151,Enterprise,499,Active
2026-04-01,2152,Pro,99,Active
2026-04-01,2153,Pro,99,Churned
2026-04-01,2154,Pro,99,Active
2026-04-01,2155,Pro,99,Active
2026-04-01,2156,Basic,29,Active
2026-04-01,2157,Pro,99,Active
2026-04-01,2158,Basic,29,Active
2026-04-01,2159,Basic,29,Active
2026-04-01,2160,Basic,29,Active
2026-04-01,2161,Pro,99,Active
2026-04-01,2162,Basic,29,Active
2026-04-01,2163,Enterprise,499,Active
2026-04-01,2164,Pro,99,Active
2026-04-01,2165,Basic,29,Active
2026-04-01,2166,Pro,99,Active
2026-04-01,2167,Pro,99,Active
2026-04-01,2168,Pro,99,Active
2026-04-01,2169,Enterprise,499,Active
2026-04-01,2170,Basic,29,Active
2026-04-01,2171,Basic,29,Active
2026-04-01,2172,Basic,29,Active
2026-04-01,2173,Basic,29,Active
2026-04-01,2174,Basic,29,Active
2026-04-01,2175,Basic,29,Active
2026-04-01,2176,Pro,99,Active
2026-04-01,2177,Pro,99,Active
2026-04-01,2178,Pro,99,Active
2026-04-01,2179,Basic,29,Active
2026-04-01,2180,Basic,29,Active
2026-04-01,2181,Pro,99,Active
2026-04-01,2182,Enterprise,499,Active
2026-04-01,2183,Basic,29,Active
2026-04-01,2184,Basic,29,Active
2026-04-01,2185,Pro,99,Active
2026-04-01,2186,Basic,29,Active
2026-04-01,2187,Basic,29,Active
2026-04-01,2188,Pro,99,Active
2026-04-01,2189,Basic,29,Active
2026-04-01,2190,Pro,99,Active
2026-04-01,2191,Basic,29,Active
2026-04-01,2192,Basic,29,Active
2026-04-01,2193,Pro,99,Active
2026-04-01,2194,Basic,29,Active
2026-04-01,2195,Enterprise,499,Active
2026-04-01,2196,Pro,99,Active
2026-04-01,2197,Basic,29,Active
2026-04-01,2198,Basic,29,Churned
2026-04-01,2199,Basic,29,Active
2026-04-01,2200,Basic,29,Active
2026-04-01,2201,Basic,29,Active
2026-04-01,2202,Pro,99,Active
2026-04-01,2203,Basic,29,Active
2026-04-01,2204,Basic,29,Churned
2026-04-01,2205,Basic,29,Active
2026-04-01,2206,Pro,99,Active
2026-04-01,2207,Enterprise,499,Active
2026-04-01,2208,Enterprise,499,Active
2026-04-01,2209,Basic,29,Active
2026-04-01,2210,Basic,29,Active
2026-04-01,2211,Basic,29,Active
2026-04-01,2212,Pro,99,Active
2026-04-01,2213,Basic,29,Active
2026-04-01,2214,Basic,29,Active
2026-04-01,2215,Basic,29,Active
2026-04-01,2216,Basic,29,Churned
2026-04-01,2217,Basic,29,Active
2026-04-01,2218,Basic,29,Active
2026-04-01,2219,Basic,29,Active
2026-05-01,2220,Pro,99,Active
2026-05-01,2221,Basic,29,Active
2026-05-01,2222,Basic,29,Active
2026-05-01,2223,Basic,29,Active
2026-05-01,2224,Basic,29,Active
2026-05-01,2225,Enterprise,499,Active
2026-05-01,2226,Pro,99,Active
2026-05-01,2227,Pro,99,Active
2026-05-01,2228,Pro,99,Active
2026-05-01,2229,Pro,99,Active
2026-05-01,2230,Pro,99,Churned
2026-05-01,2231,Basic,29,Active
2026-05-01,2232,Enterprise,499,Active
2026-05-01,2233,Pro,99,Active
2026-05-01,2234,Basic,29,Active
2026-05-01,2235,Basic,29,Active
2026-05-01,2236,Basic,29,Active
2026-05-01,2237,Basic,29,Active
2026-05-01,2238,Pro,99,Churned
2026-05-01,2239,Basic,29,Active
2026-05-01,2240,Pro,99,Active
2026-05-01,2241,Enterprise,499,Active
2026-05-01,2242,Basic,29,Active
2026-05-01,2243,Basic,29,Active
2026-05-01,2244,Pro,99,Active
2026-05-01,2245,Pro,99,Active
2026-05-01,2246,Basic,29,Active
2026-05-01,2247,Enterprise,499,Active
2026-05-01,2248,Basic,29,Active
2026-05-01,2249,Pro,99,Active
2026-05-01,2250,Basic,29,Active
2026-05-01,2251,Basic,29,Active
2026-05-01,2252,Basic,29,Active
2026-05-01,2253,Enterprise,499,Active
2026-05-01,2254,Enterprise,499,Active
2026-05-01,2255,Pro,99,Active
2026-05-01,2256,Basic,29,Active
2026-05-01,2257,Pro,99,Active
2026-05-01,2258,Basic,29,Active
2026-05-01,2259,Pro,99,Active
2026-05-01,2260,Pro,99,Active
2026-05-01,2261,Pro,99,Active
2026-05-01,2262,Basic,29,Active
2026-05-01,2263,Basic,29,Active
2026-05-01,2264,Basic,29,Active
2026-05-01,2265,Basic,29,Active
2026-05-01,2266,Enterprise,499,Active
2026-05-01,2267,Enterprise,499,Active
2026-05-01,2268,Basic,29,Active
2026-05-01,2269,Basic,29,Active
2026-05-01,2270,Pro,99,Active
2026-05-01,2271,Basic,29,Active
2026-05-01,2272,Basic,29,Active
2026-05-01,2273,Basic,29,Active
2026-05-01,2274,Enterprise,499,Active
2026-05-01,2275,Enterprise,499,Active
2026-05-01,2276,Basic,29,Active
2026-05-01,2277,Pro,99,Churned
2026-05-01,2278,Pro,99,Active
2026-05-01,2279,Pro,99,Active
2026-05-01,2280,Pro,99,Active
2026-05-01,2281,Basic,29,Active
2026-05-01,2282,Pro,99,Active
2026-05-01,2283,Pro,99,Active
2026-05-01,2284,Pro,99,Active
2026-05-01,2285,Pro,99,Active
2026-05-01,2286,Basic,29,Active
2026-05-01,2287,Pro,99,Active
2026-05-01,2288,Basic,29,Active
2026-05-01,2289,Basic,29,Active
2026-05-01,2290,Basic,29,Active
2026-05-01,2291,Basic,29,Active
2026-05-01,2292,Basic,29,Active
2026-05-01,2293,Basic,29,Active
2026-05-01,2294,Basic,29,Active
2026-05-01,2295,Basic,29,Active
2026-05-01,2296,Pro,99,Active
2026-05-01,2297,Basic,29,Active
2026-05-01,2298,Basic,29,Active
2026-05-01,2299,Basic,29,Active
2026-05-01,2300,Pro,99,Active
2026-05-01,2301,Enterprise,499,Active
2026-05-01,2302,Enterprise,499,Active
2026-05-01,2303,Pro,99,Active
2026-05-01,2304,Basic,29,Active
2026-05-01,2305,Pro,99,Active
2026-05-01,2306,Basic,29,Active
2026-05-01,2307,Pro,99,Churned
2026-05-01,2308,Pro,99,Churned
2026-05-01,2309,Pro,99,Active
2026-05-01,2310,Basic,29,Active
2026-05-01,2311,Pro,99,Active
2026-05-01,2312,Basic,29,Churned
2026-05-01,2313,Basic,29,Active
2026-05-01,2314,Basic,29,Active
2026-05-01,2315,Basic,29,Active
2026-05-01,2316,Basic,29,Active
2026-05-01,2317,Basic,29,Active
2026-05-01,2318,Pro,99,Active
2026-06-01,2319,Basic,29,Active
2026-06-01,2320,Basic,29,Active
2026-06-01,2321,Pro,99,Active
2026-06-01,2322,Basic,29,Active
2026-06-01,2323,Pro,99,Active
2026-06-01,2324,Pro,99,Active
2026-06-01,2325,Pro,99,Active
2026-06-01,2326,Pro,99,Active
2026-06-01,2327,Basic,29,Active
2026-06-01,2328,Basic,29,Active
2026-06-01,2329,Basic,29,Active
2026-06-01,2330,Basic,29,Active
2026-06-01,2331,Basic,29,Active
2026-06-01,2332,Basic,29,Active
2026-06-01,2333,Basic,29,Active
2026-06-01,2334,Basic,29,Active
2026-06-01,2335,Basic,29,Active
2026-06-01,2336,Enterprise,499,Active
2026-06-01,2337,Pro,99,Active
2026-06-01,2338,Pro,99,Active
2026-06-01,2339,Basic,29,Churned
2026-06-01,2340,Basic,29,Active
2026-06-01,2341,Pro,99,Active
2026-06-01,2342,Basic,29,Active
2026-06-01,2343,Basic,29,Active
2026-06-01,2344,Pro,99,Active
2026-06-01,2345,Basic,29,Active
2026-06-01,2346,Basic,29,Active
2026-06-01,2347,Pro,99,Churned
2026-06-01,2348,Pro,99,Active
2026-06-01,2349,Pro,99,Active
2026-06-01,2350,Pro,99,Active
2026-06-01,2351,Basic,29,Active
2026-06-01,2352,Basic,29,Active
2026-06-01,2353,Basic,29,Active
2026-06-01,2354,Pro,99,Active
2026-06-01,2355,Basic,29,Churned
2026-06-01,2356,Enterprise,499,Active
2026-06-01,2357,Enterprise,499,Active
2026-06-01,2358,Enterprise,499,Active
2026-06-01,2359,Basic,29,Active
2026-06-01,2360,Basic,29,Active
2026-06-01,2361,Pro,99,Active
2026-06-01,2362,Basic,29,Active
2026-06-01,2363,Pro,99,Active
2026-06-01,2364,Basic,29,Active
2026-06-01,2365,Basic,29,Active
2026-06-01,2366,Enterprise,499,Active
2026-06-01,2367,Basic,29,Active
2026-06-01,2368,Pro,99,Active
2026-06-01,2369,Basic,29,Active
2026-06-01,2370,Pro,99,Active
2026-06-01,2371,Basic,29,Churned
2026-06-01,2372,Basic,29,Active
2026-06-01,2373,Basic,29,Active
2026-06-01,2374,Basic,29,Active
2026-06-01,2375,Pro,99,Active
2026-06-01,2376,Basic,29,Active
2026-06-01,2377,Basic,29,Active
2026-06-01,2378,Basic,29,Active
2026-06-01,2379,Basic,29,Active
2026-06-01,2380,Enterprise,499,Active
2026-06-01,2381,Pro,99,Active
2026-06-01,2382,Enterprise,499,Active
2026-06-01,2383,Enterprise,499,Churned
2026-06-01,2384,Pro,99,Churned
2026-06-01,2385,Basic,29,Active
2026-06-01,2386,Basic,29,Active
2026-06-01,2387,Basic,29,Active
2026-06-01,2388,Enterprise,499,Active
2026-06-01,2389,Pro,99,Active
2026-06-01,2390,Enterprise,499,Churned
2026-06-01,2391,Basic,29,Churned
2026-06-01,2392,Pro,99,Active
2026-06-01,2393,Basic,29,Active
2026-06-01,2394,Basic,29,Active
2026-06-01,2395,Pro,99,Active
2026-06-01,2396,Basic,29,Active
2026-06-01,2397,Basic,29,Active
2026-06-01,2398,Basic,29,Active
2026-06-01,2399,Enterprise,499,Active
2026-06-01,2400,Pro,99,Active
2026-06-01,2401,Basic,29,Active
2026-06-01,2402,Pro,99,Active
2026-06-01,2403,Basic,29,Active
2026-06-01,2404,Basic,29,Active
2026-06-01,2405,Basic,29,Active
2026-06-01,2406,Basic,29,Active
2026-06-01,2407,Enterprise,499,Active
2026-06-01,2408,Pro,99,Active
2026-06-01,2409,Basic,29,Active
2026-06-01,2410,Enterprise,499,Churned
2026-06-01,2411,Basic,29,Active
2026-06-01,2412,Pro,99,Active
2026-06-01,2413,Basic,29,Active
2026-06-01,2414,Pro,99,Active
2026-06-01,2415,Basic,29,Active
2026-06-01,2416,Basic,29,Active
2026-06-01,2417,Basic,29,Active
2026-06-01,2418,Basic,29,Active
2026-06-01,2419,Pro,99,Active
2026-06-01,2420,Enterprise,499,Active
2026-06-01,2421,Basic,29,Active
2026-06-01,2422,Basic,29,Active
2026-06-01,2423,Basic,29,Active
2026-06-01,2424,Pro,99,Churned
2026-06-01,2425,Pro,99,Active
2026-06-01,2426,Pro,99,Active
2026-06-01,2427,Basic,29,Active
2026-06-01,2428,Basic,29,Active
2026-06-01,2429,Basic,29,Active
2026-06-01,2430,Basic,29,Active
2026-06-01,2431,Basic,29,Churned
2026-06-01,2432,Basic,29,Active
2026-06-01,2433,Pro,99,Active
2026-06-01,2434,Basic,29,Active
2026-06-01,2435,Pro,99,Active
2026-06-01,2436,Basic,29,Active
2026-06-01,2437,Basic,29,Active
2026-06-01,2438,Basic,29,Active
2026-06-01,2439,Basic,29,Active
2026-06-01,2440,Basic,29,Active
2026-06-01,2441,Basic,29,Active
2026-06-01,2442,Enterprise,499,Active
2026-06-01,2443,Basic,29,Active
2026-06-01,2444,Basic,29,Active
2026-06-01,2445,Pro,99,Churned
2026-06-01,2446,Basic,29,Active
2026-06-01,2447,Pro,99,Active
2026-06-01,2448,Basic,29,Active
2026-06-01,2449,Basic,29,Active
2026-06-01,2450,Pro,99,Active
2026-06-01,2451,Basic,29,Active
2026-06-01,2452,Pro,99,Churned
2026-06-01,2453,Pro,99,Active
2026-06-01,2454,Basic,29,Active
2026-06-01,2455,Basic,29,Active
2026-06-01,2456,Pro,99,Active
2026-06-01,2457,Pro,99,Active
2026-06-01,2458,Enterprise,499,Active
2026-06-01,2459,Basic,29,Active
2026-06-01,2460,Basic,29,Active
2026-06-01,2461,Pro,99,Active
2026-06-01,2462,Basic,29,Active
2026-07-01,2463,Pro,99,Active
2026-07-01,2464,Basic,29,Active
2026-07-01,2465,Pro,99,Active
2026-07-01,2466,Pro,99,Active
2026-07-01,2467,Pro,99,Active
2026-07-01,2468,Basic,29,Active
2026-07-01,2469,Enterprise,499,Active
2026-07-01,2470,Pro,99,Active
2026-07-01,2471,Basic,29,Churned
2026-07-01,2472,Basic,29,Active
2026-07-01,2473,Basic,29,Active
2026-07-01,2474,Pro,99,Active
2026-07-01,2475,Basic,29,Active
2026-07-01,2476,Basic,29,Active
2026-07-01,2477,Enterprise,499,Active
2026-07-01,2478,Basic,29,Active
2026-07-01,2479,Pro,99,Active
2026-07-01,2480,Enterprise,499,Active
2026-07-01,2481,Basic,29,Active
2026-07-01,2482,Pro,99,Active
2026-07-01,2483,Pro,99,Active
2026-07-01,2484,Basic,29,Active
2026-07-01,2485,Pro,99,Active
2026-07-01,2486,Basic,29,Active
2026-07-01,2487,Pro,99,Active
2026-07-01,2488,Pro,99,Active
2026-07-01,2489,Pro,99,Active
2026-07-01,2490,Pro,99,Active
2026-07-01,2491,Basic,29,Active
2026-07-01,2492,Basic,29,Active
2026-07-01,2493,Basic,29,Active
2026-07-01,2494,Basic,29,Active
2026-07-01,2495,Basic,29,Active
2026-07-01,2496,Basic,29,Active
2026-07-01,2497,Pro,99,Active
2026-07-01,2498,Basic,29,Active
2026-07-01,2499,Basic,29,Active
2026-07-01,2500,Basic,29,Churned
2026-07-01,2501,Pro,99,Active
2026-07-01,2502,Pro,99,Active
2026-07-01,2503,Basic,29,Active
2026-07-01,2504,Basic,29,Active
2026-07-01,2505,Basic,29,Active
2026-07-01,2506,Enterprise,499,Active
2026-07-01,2507,Basic,29,Active
2026-07-01,2508,Enterprise,499,Active
2026-07-01,2509,Basic,29,Active
2026-07-01,2510,Pro,99,Active
2026-07-01,2511,Basic,29,Active
2026-07-01,2512,Basic,29,Active
2026-07-01,2513,Basic,29,Active
2026-07-01,2514,Basic,29,Active
2026-07-01,2515,Enterprise,499,Active
2026-07-01,2516,Basic,29,Active
2026-07-01,2517,Enterprise,499,Active
2026-07-01,2518,Basic,29,Active
2026-07-01,2519,Pro,99,Active
2026-07-01,2520,Basic,29,Active
2026-07-01,2521,Enterprise,499,Active
2026-07-01,2522,Pro,99,Active
2026-07-01,2523,Pro,99,Active
2026-07-01,2524,Basic,29,Active
2026-07-01,2525,Pro,99,Churned
2026-07-01,2526,Basic,29,Active
2026-07-01,2527,Enterprise,499,Active
2026-07-01,2528,Pro,99,Active
2026-07-01,2529,Basic,29,Active
2026-07-01,2530,Pro,99,Active
2026-07-01,2531,Basic,29,Active
2026-07-01,2532,Basic,29,Active
2026-07-01,2533,Enterprise,499,Active
2026-07-01,2534,Pro,99,Active
2026-07-01,2535,Pro,99,Churned
2026-07-01,2536,Basic,29,Active
2026-07-01,2537,Basic,29,Active
2026-07-01,2538,Pro,99,Active
2026-07-01,2539,Basic,29,Active
2026-07-01,2540,Basic,29,Active
2026-07-01,2541,Basic,29,Active
2026-07-01,2542,Pro,99,Active
2026-07-01,2543,Basic,29,Active
2026-07-01,2544,Basic,29,Active
2026-07-01,2545,Pro,99,Active
2026-07-01,2546,Basic,29,Active
2026-07-01,2547,Basic,29,Active
2026-07-01,2548,Basic,29,Active
2026-07-01,2549,Basic,29,Active
2026-07-01,2550,Pro,99,Active
2026-07-01,2551,Basic,29,Churned
2026-07-01,2552,Pro,99,Active
2026-07-01,2553,Pro,99,Churned
2026-07-01,2554,Basic,29,Active
2026-07-01,2555,Pro,99,Active
2026-07-01,2556,Pro,99,Active
2026-07-01,2557,Basic,29,Active
2026-07-01,2558,Enterprise,499,Active
2026-07-01,2559,Basic,29,Active
2026-07-01,2560,Basic,29,Active
2026-07-01,2561,Pro,99,Active
2026-07-01,2562,Basic,29,Active
2026-07-01,2563,Basic,29,Active
2026-07-01,2564,Basic,29,Active
2026-07-01,2565,Pro,99,Churned
2026-07-01,2566,Basic,29,Active
2026-07-01,2567,Basic,29,Active
2026-07-01,2568,Basic,29,Active
2026-07-01,2569,Basic,29,Active
2026-07-01,2570,Basic,29,Active
2026-07-01,2571,Basic,29,Active
2026-07-01,2572,Basic,29,Active
2026-07-01,2573,Basic,29,Active
2026-07-01,2574,Basic,29,Active
2026-07-01,2575,Basic,29,Active
2026-07-01,2576,Pro,99,Active
2026-07-01,2577,Pro,99,Active
2026-07-01,2578,Basic,29,Active
2026-07-01,2579,Basic,29,Active
2026-07-01,2580,Basic,29,Active
2026-07-01,2581,Basic,29,Active
2026-07-01,2582,Pro,99,Active
2026-07-01,2583,Enterprise,499,Churned
2026-07-01,2584,Basic,29,Active
2026-07-01,2585,Basic,29,Churned
2026-07-01,2586,Pro,99,Active
2026-07-01,2587,Basic,29,Active
2026-07-01,2588,Basic,29,Active
2026-07-01,2589,Pro,99,Active
2026-07-01,2590,Pro,99,Active
2026-07-01,2591,Pro,99,Active
2026-07-01,2592,Pro,99,Active
2026-07-01,2593,Pro,99,Active
2026-07-01,2594,Pro,99,Active
2026-07-01,2595,Basic,29,Active
2026-07-01,2596,Basic,29,Active
2026-07-01,2597,Pro,99,Active
2026-07-01,2598,Basic,29,Active
2026-07-01,2599,Basic,29,Active
2026-07-01,2600,Pro,99,Active
2026-07-01,2601,Basic,29,Active
2026-07-01,2602,Basic,29,Active
2026-07-01,2603,Pro,99,Active
2026-07-01,2604,Basic,29,Active
2026-07-01,2605,Basic,29,Active
2026-07-01,2606,Enterprise,499,Active
2026-07-01,2607,Basic,29,Active
2026-07-01,2608,Basic,29,Active
2026-07-01,2609,Pro,99,Active
2026-07-01,2610,Basic,29,Active
2026-07-01,2611,Basic,29,Active
2026-07-01,2612,Pro,99,Active
2026-07-01,2613,Basic,29,Active
2026-07-01,2614,Basic,29,Active
2026-07-01,2615,Basic,29,Active
2026-07-01,2616,Basic,29,Active
2026-07-01,2617,Pro,99,Active
2026-07-01,2618,Basic,29,Active
2026-07-01,2619,Basic,29,Active
2026-07-01,2620,Basic,29,Active
2026-07-01,2621,Basic,29,Active
2026-07-01,2622,Pro,99,Active
2026-07-01,2623,Basic,29,Active
2026-07-01,2624,Basic,29,Active
2026-08-01,2625,Pro,99,Active
2026-08-01,2626,Basic,29,Active
2026-08-01,2627,Basic,29,Active
2026-08-01,2628,Pro,99,Active
2026-08-01,2629,Basic,29,Active
2026-08-01,2630,Basic,29,Active
2026-08-01,2631,Enterprise,499,Active
2026-08-01,2632,Basic,29,Active
2026-08-01,2633,Basic,29,Active
2026-08-01,2634,Enterprise,499,Active
2026-08-01,2635,Pro,99,Active
2026-08-01,2636,Basic,29,Active
2026-08-01,2637,Basic,29,Churned
2026-08-01,2638,Basic,29,Active
2026-08-01,2639,Basic,29,Active
2026-08-01,2640,Basic,29,Active
2026-08-01,2641,Basic,29,Active
2026-08-01,2642,Pro,99,Active
2026-08-01,2643,Pro,99,Active
2026-08-01,2644,Basic,29,Active
2026-08-01,2645,Basic,29,Active
2026-08-01,2646,Pro,99,Active
2026-08-01,2647,Basic,29,Active
2026-08-01,2648,Pro,99,Active
2026-08-01,2649,Pro,99,Active
2026-08-01,2650,Pro,99,Active
2026-08-01,2651,Basic,29,Active
2026-08-01,2652,Pro,99,Active
2026-08-01,2653,Basic,29,Active
2026-08-01,2654,Pro,99,Active
2026-08-01,2655,Enterprise,499,Active
2026-08-01,2656,Basic,29,Active
2026-08-01,2657,Pro,99,Active
2026-08-01,2658,Pro,99,Active
2026-08-01,2659,Basic,29,Active
2026-08-01,2660,Basic,29,Active
2026-08-01,2661,Basic,29,Active
2026-08-01,2662,Basic,29,Active
2026-08-01,2663,Enterprise,499,Active
2026-08-01,2664,Basic,29,Active
2026-08-01,2665,Pro,99,Active
2026-08-01,2666,Pro,99,Active
2026-08-01,2667,Pro,99,Active
2026-08-01,2668,Pro,99,Active
2026-08-01,2669,Enterprise,499,Active
2026-08-01,2670,Basic,29,Active
2026-08-01,2671,Basic,29,Active
2026-08-01,2672,Basic,29,Active
2026-08-01,2673,Basic,29,Active
2026-08-01,2674,Pro,99,Active
2026-08-01,2675,Pro,99,Active
2026-08-01,2676,Basic,29,Active
2026-08-01,2677,Basic,29,Active
2026-08-01,2678,Basic,29,Active
2026-08-01,2679,Basic,29,Active
2026-08-01,2680,Basic,29,Active
2026-08-01,2681,Basic,29,Active
2026-08-01,2682,Basic,29,Active
2026-08-01,2683,Pro,99,Active
2026-08-01,2684,Enterprise,499,Churned
2026-08-01,2685,Pro,99,Active
2026-08-01,2686,Basic,29,Active
2026-08-01,2687,Basic,29,Active
2026-08-01,2688,Enterprise,499,Active
2026-08-01,2689,Pro,99,Active
2026-08-01,2690,Pro,99,Churned
2026-08-01,2691,Basic,29,Active
2026-08-01,2692,Basic,29,Active
2026-08-01,2693,Basic,29,Active
2026-08-01,2694,Pro,99,Active
2026-08-01,2695,Basic,29,Active
2026-08-01,2696,Basic,29,Active
2026-08-01,2697,Pro,99,Active
2026-08-01,2698,Pro,99,Active
2026-08-01,2699,Pro,99,Active
2026-08-01,2700,Basic,29,Active
2026-08-01,2701,Pro,99,Active
2026-08-01,2702,Basic,29,Churned
2026-08-01,2703,Pro,99,Active
2026-08-01,2704,Pro,99,Active
2026-08-01,2705,Basic,29,Active
2026-08-01,2706,Enterprise,499,Active
2026-08-01,2707,Basic,29,Active
2026-08-01,2708,Basic,29,Churned
2026-08-01,2709,Enterprise,499,Active
2026-08-01,2710,Pro,99,Active
2026-08-01,2711,Basic,29,Active
2026-08-01,2712,Basic,29,Active
2026-08-01,2713,Pro,99,Active
2026-08-01,2714,Enterprise,499,Active
2026-08-01,2715,Basic,29,Active
2026-08-01,2716,Pro,99,Active
2026-08-01,2717,Basic,29,Active
2026-08-01,2718,Pro,99,Active
2026-08-01,2719,Basic,29,Active
2026-08-01,2720,Basic,29,Active
2026-08-01,2721,Pro,99,Active
2026-08-01,2722,Basic,29,Active
2026-08-01,2723,Pro,99,Active
2026-08-01,2724,Pro,99,Active
2026-08-01,2725,Enterprise,499,Active
2026-08-01,2726,Basic,29,Active
2026-08-01,2727,Basic,29,Active
2026-08-01,2728,Basic,29,Active
2026-08-01,2729,Basic,29,Active
2026-08-01,2730,Basic,29,Active
2026-08-01,2731,Basic,29,Active
2026-08-01,2732,Basic,29,Active
2026-08-01,2733,Pro,99,Active
2026-08-01,2734,Pro,99,Active
2026-08-01,2735,Pro,99,Active
2026-08-01,2736,Basic,29,Active
2026-08-01,2737,Basic,29,Active
2026-08-01,2738,Enterprise,499,Active
2026-08-01,2739,Pro,99,Active
2026-08-01,2740,Enterprise,499,Active
2026-08-01,2741,Pro,99,Active
2026-08-01,2742,Basic,29,Active
2026-08-01,2743,Enterprise,499,Active
2026-08-01,2744,Pro,99,Churned
2026-08-01,2745,Basic,29,Active
2026-08-01,2746,Basic,29,Active
2026-08-01,2747,Basic,29,Active
2026-08-01,2748,Basic,29,Active
2026-08-01,2749,Basic,29,Active
2026-08-01,2750,Enterprise,499,Active
2026-08-01,2751,Enterprise,499,Active
2026-08-01,2752,Basic,29,Active
2026-08-01,2753,Basic,29,Active
2026-08-01,2754,Basic,29,Active
2026-08-01,2755,Basic,29,Active
2026-08-01,2756,Pro,99,Active
2026-08-01,2757,Basic,29,Active
2026-08-01,2758,Basic,29,Active
2026-08-01,2759,Pro,99,Active
2026-08-01,2760,Basic,29,Active
2026-08-01,2761,Basic,29,Active
2026-08-01,2762,Pro,99,Active
2026-08-01,2763,Basic,29,Active
2026-08-01,2764,Basic,29,Active
2026-08-01,2765,Basic,29,Active
2026-08-01,2766,Basic,29,Active
2026-08-01,2767,Basic,29,Active
2026-08-01,2768,Basic,29,Active
2026-08-01,2769,Basic,29,Active
2026-08-01,2770,Basic,29,Active
2026-09-01,2771,Basic,29,Active
2026-09-01,2772,Enterprise,499,Active
2026-09-01,2773,Basic,29,Active
2026-09-01,2774,Basic,29,Active
2026-09-01,2775,Basic,29,Active
2026-09-01,2776,Pro,99,Active
2026-09-01,2777,Pro,99,Active
2026-09-01,2778,Basic,29,Active
2026-09-01,2779,Pro,99,Active
2026-09-01,2780,Basic,29,Churned
2026-09-01,2781,Basic,29,Active
2026-09-01,2782,Basic,29,Active
2026-09-01,2783,Pro,99,Active
2026-09-01,2784,Basic,29,Active
2026-09-01,2785,Pro,99,Active
2026-09-01,2786,Basic,29,Active
2026-09-01,2787,Basic,29,Active
2026-09-01,2788,Basic,29,Active
2026-09-01,2789,Basic,29,Active
2026-09-01,2790,Enterprise,499,Active
2026-09-01,2791,Basic,29,Active
2026-09-01,2792,Pro,99,Active
2026-09-01,2793,Basic,29,Active
2026-09-01,2794,Pro,99,Active
2026-09-01,2795,Basic,29,Active
2026-09-01,2796,Basic,29,Active
2026-09-01,2797,Pro,99,Active
2026-09-01,2798,Basic,29,Active
2026-09-01,2799,Pro,99,Active
2026-09-01,2800,Pro,99,Active
2026-09-01,2801,Basic,29,Active
2026-09-01,2802,Basic,29,Active
2026-09-01,2803,Basic,29,Active
2026-09-01,2804,Basic,29,Active
2026-09-01,2805,Basic,29,Active
2026-09-01,2806,Enterprise,499,Active
2026-09-01,2807,Basic,29,Active
2026-09-01,2808,Basic,29,Active
2026-09-01,2809,Basic,29,Active
2026-09-01,2810,Enterprise,499,Active
2026-09-01,2811,Basic,29,Active
2026-09-01,2812,Basic,29,Active
2026-09-01,2813,Basic,29,Active
2026-09-01,2814,Basic,29,Active
2026-09-01,2815,Enterprise,499,Active
2026-09-01,2816,Basic,29,Active
2026-09-01,2817,Basic,29,Active
2026-09-01,2818,Basic,29,Active
2026-09-01,2819,Basic,29,Active
2026-09-01,2820,Basic,29,Active
2026-09-01,2821,Basic,29,Active
2026-09-01,2822,Basic,29,Active
2026-09-01,2823,Basic,29,Active
2026-09-01,2824,Basic,29,Active
2026-09-01,2825,Basic,29,Active
2026-09-01,2826,Basic,29,Active
2026-09-01,2827,Basic,29,Active
2026-09-01,2828,Basic,29,Active
2026-09-01,2829,Basic,29,Active
2026-09-01,2830,Basic,29,Active
2026-09-01,2831,Basic,29,Active
2026-09-01,2832,Basic,29,Active
2026-09-01,2833,Basic,29,Churned
2026-09-01,2834,Pro,99,Churned
2026-09-01,2835,Basic,29,Active
2026-09-01,2836,Pro,99,Active
2026-09-01,2837,Pro,99,Churned
2026-09-01,2838,Pro,99,Active
2026-09-01,2839,Basic,29,Active
2026-09-01,2840,Enterprise,499,Active
2026-09-01,2841,Pro,99,Active
2026-09-01,2842,Pro,99,Churned
2026-09-01,2843,Basic,29,Active
2026-09-01,2844,Basic,29,Active
2026-09-01,2845,Basic,29,Active
2026-09-01,2846,Pro,99,Churned
2026-09-01,2847,Basic,29,Active
2026-09-01,2848,Enterprise,499,Active
2026-09-01,2849,Basic,29,Active
2026-09-01,2850,Basic,29,Active
2026-09-01,2851,Enterprise,499,Active
2026-09-01,2852,Basic,29,Active
2026-09-01,2853,Basic,29,Active
2026-09-01,2854,Pro,99,Active
2026-09-01,2855,Basic,29,Active
2026-09-01,2856,Pro,99,Active
2026-09-01,2857,Basic,29,Active
2026-09-01,2858,Basic,29,Active
2026-09-01,2859,Basic,29,Active
2026-09-01,2860,Pro,99,Active
2026-09-01,2861,Enterprise,499,Active
2026-09-01,2862,Pro,99,Active
2026-09-01,2863,Basic,29,Active
2026-09-01,2864,Basic,29,Active
2026-09-01,2865,Pro,99,Active
2026-09-01,2866,Pro,99,Active
2026-09-01,2867,Basic,29,Active
2026-09-01,2868,Basic,29,Active
2026-09-01,2869,Basic,29,Active
2026-09-01,2870,Basic,29,Active
2026-09-01,2871,Enterprise,499,Active
2026-09-01,2872,Pro,99,Active
2026-09-01,2873,Enterprise,499,Active
2026-09-01,2874,Basic,29,Active
2026-09-01,2875,Pro,99,Active
2026-09-01,2876,Basic,29,Active
2026-09-01,2877,Pro,99,Active
2026-09-01,2878,Basic,29,Active
2026-09-01,2879,Basic,29,Active
2026-09-01,2880,Enterprise,499,Active
2026-09-01,2881,Basic,29,Active
2026-09-01,2882,Pro,99,Active
2026-09-01,2883,Pro,99,Active
2026-09-01,2884,Basic,29,Active
2026-09-01,2885,Basic,29,Active
2026-09-01,2886,Enterprise,499,Active
2026-09-01,2887,Enterprise,499,Active
2026-09-01,2888,Enterprise,499,Active
2026-09-01,2889,Basic,29,Active
2026-09-01,2890,Basic,29,Active
2026-09-01,2891,Basic,29,Active
2026-09-01,2892,Pro,99,Active
2026-09-01,2893,Basic,29,Active
2026-09-01,2894,Pro,99,Active
2026-09-01,2895,Basic,29,Active
2026-09-01,2896,Basic,29,Active
2026-09-01,2897,Basic,29,Active
2026-09-01,2898,Basic,29,Active
2026-09-01,2899,Basic,29,Active
2026-09-01,2900,Basic,29,Active
2026-09-01,2901,Pro,99,Active
2026-09-01,2902,Basic,29,Active
2026-09-01,2903,Basic,29,Churned
2026-09-01,2904,Basic,29,Churned
2026-09-01,2905,Pro,99,Active
2026-09-01,2906,Basic,29,Active
2026-09-01,2907,Basic,29,Active
2026-09-01,2908,Pro,99,Churned
2026-09-01,2909,Basic,29,Active
2026-09-01,2910,Basic,29,Active
2026-09-01,2911,Basic,29,Active
2026-09-01,2912,Enterprise,499,Active
2026-09-01,2913,Basic,29,Active
2026-09-01,2914,Basic,29,Active
2026-09-01,2915,Pro,99,Active
2026-09-01,2916,Pro,99,Active
2026-09-01,2917,Basic,29,Active
2026-09-01,2918,Basic,29,Active
2026-09-01,2919,Pro,99,Active
2026-09-01,2920,Basic,29,Active
2026-09-01,2921,Basic,29,Active
2026-09-01,2922,Pro,99,Active
2026-09-01,2923,Basic,29,Active
2026-09-01,2924,Pro,99,Active
2026-09-01,2925,Basic,29,Active
2026-09-01,2926,Pro,99,Churned
2026-09-01,2927,Basic,29,Active
2026-09-01,2928,Enterprise,499,Active
2026-09-01,2929,Pro,99,Active
